url,name
http://dummyimage.com/169x110.jpg/cc0000/ffffff,Onions - Vidalia
http://dummyimage.com/169x216.bmp/ff4444/ffffff,Soup Bowl Clear 8oz92008
http://dummyimage.com/154x121.bmp/cc0000/ffffff,Cut Wakame - Hanawakaba
http://dummyimage.com/113x227.png/ff4444/ffffff,Mcguinness - Blue Curacao
http://dummyimage.com/100x221.bmp/5fa2dd/ffffff,"Hickory Smoke, Liquid"
http://dummyimage.com/241x231.bmp/5fa2dd/ffffff,Clam - Cherrystone
http://dummyimage.com/193x165.jpg/cc0000/ffffff,"Beans - Long, Chinese"
http://dummyimage.com/233x201.jpg/cc0000/ffffff,Wine - Chateau Timberlay
http://dummyimage.com/105x128.png/ff4444/ffffff,"Fish - Artic Char, Cold Smoked"
http://dummyimage.com/159x229.jpg/cc0000/ffffff,Fork - Plastic
http://dummyimage.com/202x238.png/ff4444/ffffff,Potatoes - Pei 10 Oz
http://dummyimage.com/136x143.jpg/ff4444/ffffff,Tomatoes - Grape
http://dummyimage.com/199x112.png/ff4444/ffffff,Pur Value
http://dummyimage.com/111x132.jpg/ff4444/ffffff,Bread Crumbs - Panko
http://dummyimage.com/205x186.bmp/dddddd/000000,Steamers White
http://dummyimage.com/237x106.png/cc0000/ffffff,Wine - White Cab Sauv.on
http://dummyimage.com/183x222.bmp/5fa2dd/ffffff,"Radish - Black, Winter, Organic"
http://dummyimage.com/118x135.bmp/dddddd/000000,Pie Filling - Pumpkin
http://dummyimage.com/223x227.png/dddddd/000000,Bread - Frozen Basket Variety
http://dummyimage.com/209x115.bmp/ff4444/ffffff,Nutmeg - Ground
http://dummyimage.com/207x130.bmp/ff4444/ffffff,Bread - 10 Grain Parisian
http://dummyimage.com/214x172.bmp/dddddd/000000,Quail - Jumbo
http://dummyimage.com/112x128.bmp/5fa2dd/ffffff,Fenngreek Seed
http://dummyimage.com/248x120.jpg/dddddd/000000,"Lamb - Racks, Frenched"
http://dummyimage.com/209x168.png/cc0000/ffffff,"Pesto - Primerba, Paste"
http://dummyimage.com/222x203.png/5fa2dd/ffffff,Soup - Boston Clam Chowder
http://dummyimage.com/178x130.jpg/dddddd/000000,French Pastries
http://dummyimage.com/191x212.png/cc0000/ffffff,"Corn - Cream, Canned"
http://dummyimage.com/155x228.png/cc0000/ffffff,Beer - Blue Light
http://dummyimage.com/174x178.jpg/ff4444/ffffff,"Lid - Translucent, 3.5 And 6 Oz"
http://dummyimage.com/145x244.png/5fa2dd/ffffff,Wine - Kwv Chenin Blanc South
http://dummyimage.com/187x141.bmp/ff4444/ffffff,Milk 2% 500 Ml
http://dummyimage.com/104x211.png/cc0000/ffffff,"Ranchero - Primerba, Paste"
http://dummyimage.com/148x238.png/dddddd/000000,"Bag - Bread, White, Plain"
http://dummyimage.com/187x119.bmp/cc0000/ffffff,Beef - Rib Eye Aaa
http://dummyimage.com/231x215.jpg/cc0000/ffffff,Allspice - Jamaican
http://dummyimage.com/200x123.bmp/dddddd/000000,Ecolab - Hand Soap Form Antibac
http://dummyimage.com/226x197.bmp/cc0000/ffffff,Jameson - Irish Whiskey
http://dummyimage.com/146x136.jpg/5fa2dd/ffffff,Miso - Soy Bean Paste
http://dummyimage.com/224x147.bmp/cc0000/ffffff,"Bread - Roll, Soft White Round"
http://dummyimage.com/107x138.bmp/cc0000/ffffff,Macaroons - Homestyle Two Bit
http://dummyimage.com/141x169.jpg/ff4444/ffffff,Cleaner - Comet
http://dummyimage.com/137x198.bmp/5fa2dd/ffffff,Appetizer - Sausage Rolls
http://dummyimage.com/221x126.png/ff4444/ffffff,"Artichokes - Knobless, White"
http://dummyimage.com/140x223.jpg/cc0000/ffffff,"Pasta - Fettuccine, Egg, Fresh"
http://dummyimage.com/117x182.png/cc0000/ffffff,Wild Boar - Tenderloin
http://dummyimage.com/220x164.png/ff4444/ffffff,Jameson - Irish Whiskey
http://dummyimage.com/164x152.bmp/5fa2dd/ffffff,Cheese - Fontina
http://dummyimage.com/212x205.png/dddddd/000000,"Wine - Red, Mosaic Zweigelt"
http://dummyimage.com/246x121.jpg/ff4444/ffffff,Trout Rainbow Whole
http://dummyimage.com/163x195.bmp/cc0000/ffffff,Eggs - Extra Large
http://dummyimage.com/132x133.bmp/cc0000/ffffff,Soup - Campbells Chili Veg
http://dummyimage.com/160x182.bmp/ff4444/ffffff,Wine - Gewurztraminer Pierre
http://dummyimage.com/128x165.png/cc0000/ffffff,"Lemonade - Strawberry, 591 Ml"
http://dummyimage.com/229x211.png/cc0000/ffffff,Sauce - Soy Low Sodium - 3.87l
http://dummyimage.com/143x238.bmp/cc0000/ffffff,Chocolate - Chips Compound
http://dummyimage.com/224x119.jpg/5fa2dd/ffffff,Pepper - Cubanelle
http://dummyimage.com/212x128.bmp/5fa2dd/ffffff,Lychee
http://dummyimage.com/246x228.jpg/dddddd/000000,Duck - Breast
http://dummyimage.com/199x186.bmp/ff4444/ffffff,Muffin Batt - Blueberry Passion
http://dummyimage.com/245x203.jpg/5fa2dd/ffffff,"Shrimp - 21/25, Peel And Deviened"
http://dummyimage.com/186x216.bmp/dddddd/000000,"Veal - Round, Eye Of"
http://dummyimage.com/195x134.png/cc0000/ffffff,"Pork - Ham, Virginia"
http://dummyimage.com/137x203.bmp/ff4444/ffffff,Eggroll
http://dummyimage.com/103x205.jpg/dddddd/000000,Melon - Watermelon Yellow
http://dummyimage.com/118x173.jpg/ff4444/ffffff,Chicken Breast Wing On
http://dummyimage.com/209x246.png/dddddd/000000,Tequila Rose Cream Liquor
http://dummyimage.com/169x198.png/ff4444/ffffff,Cocoa Powder - Dutched
http://dummyimage.com/230x228.bmp/5fa2dd/ffffff,Soup - Campbells Tomato Ravioli
http://dummyimage.com/138x187.jpg/cc0000/ffffff,Wine - Prosecco Valdobiaddene
http://dummyimage.com/155x173.jpg/5fa2dd/ffffff,"Wine - Red, Wolf Blass, Yellow"
http://dummyimage.com/145x132.bmp/5fa2dd/ffffff,Goldschalger
http://dummyimage.com/184x192.bmp/ff4444/ffffff,Chips Potato All Dressed - 43g
http://dummyimage.com/184x120.jpg/5fa2dd/ffffff,Bar Bran Honey Nut
http://dummyimage.com/202x192.png/ff4444/ffffff,"Nut - Chestnuts, Whole"
http://dummyimage.com/149x227.jpg/ff4444/ffffff,Sauce - Soy Low Sodium - 3.87l
http://dummyimage.com/183x159.bmp/cc0000/ffffff,Sour Puss Raspberry
http://dummyimage.com/130x229.jpg/5fa2dd/ffffff,Milk 2% 500 Ml
http://dummyimage.com/168x190.bmp/cc0000/ffffff,Veal - Loin
http://dummyimage.com/191x146.bmp/ff4444/ffffff,Cafe Royale
http://dummyimage.com/179x181.jpg/ff4444/ffffff,Sobe - Liz Blizz
http://dummyimage.com/111x196.jpg/5fa2dd/ffffff,Sea Bass - Whole
http://dummyimage.com/220x197.jpg/cc0000/ffffff,Chevere Logs
http://dummyimage.com/107x227.jpg/dddddd/000000,Energy Drink Red Bull
http://dummyimage.com/118x136.jpg/dddddd/000000,Beef - Montreal Smoked Brisket
http://dummyimage.com/139x111.png/cc0000/ffffff,"Oil - Truffle, Black"
http://dummyimage.com/152x127.jpg/cc0000/ffffff,Cheese - Swiss Sliced
http://dummyimage.com/155x236.png/dddddd/000000,The Pop Shoppe - Grape
http://dummyimage.com/117x129.png/cc0000/ffffff,Food Colouring - Blue
http://dummyimage.com/144x212.png/dddddd/000000,Hummus - Spread
http://dummyimage.com/160x170.png/dddddd/000000,Flour Dark Rye
http://dummyimage.com/213x109.jpg/ff4444/ffffff,Lamb - Shoulder
http://dummyimage.com/186x107.jpg/dddddd/000000,Strawberries
http://dummyimage.com/130x235.jpg/5fa2dd/ffffff,Bar Nature Valley
http://dummyimage.com/224x231.jpg/dddddd/000000,Beef - Sushi Flat Iron Steak
http://dummyimage.com/220x224.jpg/dddddd/000000,Coconut - Whole
http://dummyimage.com/208x114.bmp/cc0000/ffffff,Oil - Hazelnut
http://dummyimage.com/230x162.png/cc0000/ffffff,Wine - Baron De Rothschild
http://dummyimage.com/104x119.bmp/5fa2dd/ffffff,Ezy Change Mophandle
http://dummyimage.com/117x243.bmp/cc0000/ffffff,Waffle Stix
http://dummyimage.com/163x124.png/5fa2dd/ffffff,Cheese - Cottage Cheese
http://dummyimage.com/206x185.bmp/5fa2dd/ffffff,Soup - Campbells Chili
http://dummyimage.com/128x214.bmp/dddddd/000000,Bonito Flakes - Toku Katsuo
http://dummyimage.com/145x178.bmp/ff4444/ffffff,Table Cloth 62x114 Colour
http://dummyimage.com/116x175.jpg/ff4444/ffffff,Rice - Long Grain
http://dummyimage.com/123x201.jpg/ff4444/ffffff,Broom - Push
http://dummyimage.com/132x237.png/dddddd/000000,Wine - Kwv Chenin Blanc South
http://dummyimage.com/226x131.png/dddddd/000000,Stainless Steel Cleaner Vision
http://dummyimage.com/131x176.jpg/dddddd/000000,"Chicken - White Meat, No Tender"
http://dummyimage.com/179x153.png/5fa2dd/ffffff,Cherries - Frozen
http://dummyimage.com/217x107.bmp/cc0000/ffffff,Honey - Comb
http://dummyimage.com/136x202.jpg/dddddd/000000,Egg Patty Fried
http://dummyimage.com/106x160.bmp/cc0000/ffffff,Propel Sport Drink
http://dummyimage.com/150x131.jpg/ff4444/ffffff,Chinese Foods - Thick Noodles
http://dummyimage.com/220x112.png/dddddd/000000,Snapple - Mango Maddness
http://dummyimage.com/151x186.png/dddddd/000000,Veal - Kidney
http://dummyimage.com/202x237.bmp/5fa2dd/ffffff,Pastry - Trippleberry Muffin - Mini
http://dummyimage.com/219x204.bmp/ff4444/ffffff,Cup - 8oz Coffee Perforated
http://dummyimage.com/250x181.png/cc0000/ffffff,Trout Rainbow Whole
http://dummyimage.com/232x244.jpg/dddddd/000000,Milk - Homo
http://dummyimage.com/192x208.png/ff4444/ffffff,Island Oasis - Pina Colada
http://dummyimage.com/165x212.bmp/5fa2dd/ffffff,"Bread - Rolls, Rye"
http://dummyimage.com/126x164.jpg/dddddd/000000,Ham - Cooked Bayonne Tinned
http://dummyimage.com/248x116.jpg/5fa2dd/ffffff,Cardamon Ground
http://dummyimage.com/250x129.png/dddddd/000000,Compound - Pear
http://dummyimage.com/130x201.png/cc0000/ffffff,Bandage - Fexible 1x3
http://dummyimage.com/104x177.jpg/cc0000/ffffff,Kellogs All Bran Bars
http://dummyimage.com/169x172.bmp/dddddd/000000,Celery
http://dummyimage.com/246x241.jpg/dddddd/000000,Wine - Barbera Alba Doc 2001
http://dummyimage.com/151x247.bmp/ff4444/ffffff,Lobster - Live
http://dummyimage.com/116x193.jpg/5fa2dd/ffffff,"Melon - Watermelon, Seedless"
http://dummyimage.com/172x101.png/dddddd/000000,Wine - Pinot Noir Pond Haddock
http://dummyimage.com/214x195.png/5fa2dd/ffffff,Corn Syrup
http://dummyimage.com/182x241.jpg/5fa2dd/ffffff,Cheese - St. Paulin
http://dummyimage.com/170x150.jpg/cc0000/ffffff,Beer - Sleemans Cream Ale
http://dummyimage.com/178x152.jpg/cc0000/ffffff,Nantucket - Pomegranate Pear
http://dummyimage.com/196x242.jpg/cc0000/ffffff,Chambord Royal
http://dummyimage.com/129x168.jpg/cc0000/ffffff,Evaporated Milk - Skim
http://dummyimage.com/230x198.bmp/ff4444/ffffff,Island Oasis - Lemonade
http://dummyimage.com/241x204.bmp/ff4444/ffffff,Egg Patty Fried
http://dummyimage.com/189x239.bmp/5fa2dd/ffffff,Cheese - Parmesan Cubes
http://dummyimage.com/219x105.png/cc0000/ffffff,Orange - Blood
http://dummyimage.com/180x105.png/5fa2dd/ffffff,Cheese - Roquefort Pappillon
http://dummyimage.com/202x228.jpg/cc0000/ffffff,Jolt Cola - Red Eye
http://dummyimage.com/174x163.png/ff4444/ffffff,Ginsing - Fresh
http://dummyimage.com/183x217.png/5fa2dd/ffffff,Appetizer - Smoked Salmon / Dill
http://dummyimage.com/148x143.jpg/ff4444/ffffff,Soup - Campbells Chicken
http://dummyimage.com/206x118.bmp/5fa2dd/ffffff,Wine - Alicanca Vinho Verde
http://dummyimage.com/137x161.bmp/5fa2dd/ffffff,Cheese - Gouda Smoked
http://dummyimage.com/234x210.jpg/5fa2dd/ffffff,Salmon Steak - Cohoe 8 Oz
http://dummyimage.com/119x181.png/5fa2dd/ffffff,Rolled Oats
http://dummyimage.com/231x136.jpg/ff4444/ffffff,"Veal - Chops, Split, Frenched"
http://dummyimage.com/148x125.jpg/cc0000/ffffff,Cheese - Roquefort Pappillon
http://dummyimage.com/163x226.png/dddddd/000000,Wine - Guy Sage Touraine
http://dummyimage.com/225x144.png/cc0000/ffffff,Beans - Fine
http://dummyimage.com/239x106.jpg/cc0000/ffffff,"Soup - Campbells, Lentil"
http://dummyimage.com/133x221.png/ff4444/ffffff,Tomatoes Tear Drop Yellow
http://dummyimage.com/238x179.bmp/ff4444/ffffff,Chicken - Wieners
http://dummyimage.com/226x243.png/cc0000/ffffff,"Capon - Breast, Wing On"
http://dummyimage.com/239x239.jpg/5fa2dd/ffffff,Flour - Rye
http://dummyimage.com/117x164.png/dddddd/000000,"Syrup - Monin, Swiss Choclate"
http://dummyimage.com/133x219.jpg/ff4444/ffffff,Onions Granulated
http://dummyimage.com/235x158.png/dddddd/000000,Black Currants
http://dummyimage.com/236x247.png/cc0000/ffffff,Wine - Charddonnay Errazuriz
http://dummyimage.com/172x104.png/5fa2dd/ffffff,Sauce - Alfredo
http://dummyimage.com/186x219.png/5fa2dd/ffffff,Soap - Pine Sol Floor Cleaner
http://dummyimage.com/204x189.bmp/ff4444/ffffff,"Extract - Vanilla,artificial"
http://dummyimage.com/172x202.bmp/ff4444/ffffff,Cheese - Gorgonzola
http://dummyimage.com/125x194.png/cc0000/ffffff,Bar Nature Valley
http://dummyimage.com/234x201.png/dddddd/000000,Tequila Rose Cream Liquor
http://dummyimage.com/133x116.png/5fa2dd/ffffff,Irish Cream - Butterscotch
http://dummyimage.com/224x231.png/dddddd/000000,Wine - Charddonnay Errazuriz
http://dummyimage.com/213x121.png/cc0000/ffffff,Chutney Sauce
http://dummyimage.com/249x139.png/cc0000/ffffff,Tequila - Sauza Silver
http://dummyimage.com/197x235.png/5fa2dd/ffffff,Bread - Hamburger Buns
http://dummyimage.com/182x103.jpg/ff4444/ffffff,Lettuce - Romaine
http://dummyimage.com/224x165.bmp/ff4444/ffffff,"Oil - Truffle, Black"
http://dummyimage.com/113x151.jpg/dddddd/000000,Mints - Striped Red
http://dummyimage.com/181x186.png/ff4444/ffffff,Passion Fruit
http://dummyimage.com/246x205.png/cc0000/ffffff,"Pepper - White, Whole"
http://dummyimage.com/115x241.bmp/ff4444/ffffff,Creme De Banane - Marie
http://dummyimage.com/191x153.bmp/ff4444/ffffff,Dill Weed - Dry
http://dummyimage.com/152x146.bmp/ff4444/ffffff,Bag Stand
http://dummyimage.com/179x153.bmp/5fa2dd/ffffff,"Star Anise, Whole"
http://dummyimage.com/172x109.bmp/5fa2dd/ffffff,Lid Tray - 16in Dome
http://dummyimage.com/170x228.jpg/ff4444/ffffff,Sauce - Thousand Island
http://dummyimage.com/171x190.jpg/5fa2dd/ffffff,Cheese - Gouda
http://dummyimage.com/155x192.png/dddddd/000000,Juice - Ocean Spray Kiwi
http://dummyimage.com/101x141.bmp/5fa2dd/ffffff,"Doilies - 7, Paper"
http://dummyimage.com/163x150.jpg/ff4444/ffffff,Pastry - Plain Baked Croissant
http://dummyimage.com/217x109.png/ff4444/ffffff,Bar Special K
http://dummyimage.com/177x213.bmp/dddddd/000000,"Stock - Veal, Brown"
http://dummyimage.com/199x201.bmp/5fa2dd/ffffff,"Oranges - Navel, 72"
http://dummyimage.com/178x133.bmp/dddddd/000000,Sausage - Chorizo
http://dummyimage.com/156x183.png/ff4444/ffffff,Butter Sweet
http://dummyimage.com/156x134.png/ff4444/ffffff,Chips - Doritos
http://dummyimage.com/135x238.png/dddddd/000000,Potatoes - Peeled
http://dummyimage.com/149x150.bmp/cc0000/ffffff,Piping - Bags Quizna
http://dummyimage.com/202x173.bmp/ff4444/ffffff,Capers - Pickled
http://dummyimage.com/128x141.png/cc0000/ffffff,Milk - 2%
http://dummyimage.com/135x231.bmp/dddddd/000000,Wine - Chateau Timberlay
http://dummyimage.com/199x211.jpg/ff4444/ffffff,Truffle Cups - Brown
http://dummyimage.com/218x205.png/ff4444/ffffff,Lamb - Ground
http://dummyimage.com/130x106.bmp/ff4444/ffffff,Bandage - Finger Cots
http://dummyimage.com/156x210.bmp/5fa2dd/ffffff,Oxtail - Cut
http://dummyimage.com/110x137.png/ff4444/ffffff,Puree - Kiwi
http://dummyimage.com/180x183.jpg/dddddd/000000,Bag - Regular Kraft 20 Lb
http://dummyimage.com/127x201.png/5fa2dd/ffffff,Muffin Carrot - Individual
http://dummyimage.com/145x118.bmp/ff4444/ffffff,"Wine - Red, Black Opal Shiraz"
http://dummyimage.com/137x173.bmp/cc0000/ffffff,Chocolate - Semi Sweet
http://dummyimage.com/182x194.jpg/ff4444/ffffff,Rice - Brown
http://dummyimage.com/239x104.bmp/ff4444/ffffff,"Mop Head - Cotton, 24 Oz"
http://dummyimage.com/243x164.png/cc0000/ffffff,Chinese Foods - Chicken Wing
http://dummyimage.com/213x224.jpg/cc0000/ffffff,Pork - Side Ribs
http://dummyimage.com/231x232.bmp/ff4444/ffffff,Avocado
http://dummyimage.com/156x115.bmp/ff4444/ffffff,Nantucket Pine Orangebanana
http://dummyimage.com/120x166.png/ff4444/ffffff,Basil - Seedlings Cookstown
http://dummyimage.com/231x241.bmp/dddddd/000000,Spice - Chili Powder Mexican
http://dummyimage.com/114x121.jpg/dddddd/000000,"Oil - Truffle, White"
http://dummyimage.com/207x227.png/5fa2dd/ffffff,Flour - Rye
http://dummyimage.com/138x122.bmp/ff4444/ffffff,Wine - Delicato Merlot
http://dummyimage.com/104x215.bmp/cc0000/ffffff,Table Cloth 54x54 Colour
http://dummyimage.com/190x247.png/5fa2dd/ffffff,Ecolab - Balanced Fusion
http://dummyimage.com/236x196.bmp/dddddd/000000,Longos - Chicken Cordon Bleu
http://dummyimage.com/157x112.png/ff4444/ffffff,"Bread - Roll, Italian"
http://dummyimage.com/191x108.png/dddddd/000000,Tea - Mint
http://dummyimage.com/168x244.bmp/ff4444/ffffff,Wine - Sawmill Creek Autumn
http://dummyimage.com/142x143.jpg/dddddd/000000,"Juice - Pineapple, 48 Oz"
http://dummyimage.com/169x138.png/cc0000/ffffff,Coffee - Irish Cream
http://dummyimage.com/150x248.bmp/cc0000/ffffff,Pepper - Green Thai
http://dummyimage.com/125x170.bmp/cc0000/ffffff,"Yogurt - Banana, 175 Gr"
http://dummyimage.com/102x209.bmp/5fa2dd/ffffff,Glycerine
http://dummyimage.com/139x236.jpg/5fa2dd/ffffff,Oil - Olive Bertolli
http://dummyimage.com/144x160.bmp/cc0000/ffffff,Soup - Campbells - Tomato
http://dummyimage.com/250x139.jpg/dddddd/000000,Water - Green Tea Refresher
http://dummyimage.com/246x108.bmp/ff4444/ffffff,Wine - Chablis J Moreau Et Fils
http://dummyimage.com/156x209.png/5fa2dd/ffffff,Bread - Pumpernickel
http://dummyimage.com/149x142.png/cc0000/ffffff,Soup - Campbells Asian Noodle
http://dummyimage.com/108x244.png/cc0000/ffffff,Cleaner - Pine Sol
http://dummyimage.com/188x171.bmp/dddddd/000000,"Nut - Pine Nuts, Whole"
http://dummyimage.com/240x210.jpg/cc0000/ffffff,Pork - Side Ribs
http://dummyimage.com/180x165.bmp/ff4444/ffffff,Bread Base - Toscano
http://dummyimage.com/106x125.png/ff4444/ffffff,Sobe - Berry Energy
http://dummyimage.com/151x206.bmp/5fa2dd/ffffff,Creme De Menthe Green
http://dummyimage.com/182x228.png/ff4444/ffffff,Wine - Rubyport
http://dummyimage.com/127x103.jpg/5fa2dd/ffffff,Extract - Lemon
http://dummyimage.com/177x113.bmp/5fa2dd/ffffff,Wine - Conde De Valdemar
http://dummyimage.com/212x140.png/5fa2dd/ffffff,The Pop Shoppe - Black Cherry
http://dummyimage.com/145x109.jpg/5fa2dd/ffffff,Beets - Mini Golden
http://dummyimage.com/200x184.bmp/ff4444/ffffff,Venison - Ground
http://dummyimage.com/162x238.bmp/dddddd/000000,Pie Filling - Apple
http://dummyimage.com/110x183.jpg/cc0000/ffffff,Persimmons
http://dummyimage.com/188x122.bmp/dddddd/000000,Samosa - Veg
http://dummyimage.com/135x170.jpg/ff4444/ffffff,Cleaner - Comet
http://dummyimage.com/104x125.jpg/cc0000/ffffff,Mushroom - Morel Frozen
http://dummyimage.com/198x161.bmp/5fa2dd/ffffff,Vinegar - White Wine
http://dummyimage.com/221x121.jpg/dddddd/000000,Filo Dough
http://dummyimage.com/181x132.png/5fa2dd/ffffff,Cheese - Parmesan Cubes
http://dummyimage.com/157x138.png/cc0000/ffffff,"Soup - Canadian Pea, Dry Mix"
http://dummyimage.com/113x213.jpg/cc0000/ffffff,Tomatoes - Grape
http://dummyimage.com/221x116.bmp/ff4444/ffffff,"Water - Spring Water, 355 Ml"
http://dummyimage.com/172x148.bmp/ff4444/ffffff,Remy Red Berry Infusion
http://dummyimage.com/191x165.png/5fa2dd/ffffff,"Juice - Tomato, 48 Oz"
http://dummyimage.com/162x115.png/dddddd/000000,"Carrots - Purple, Organic"
http://dummyimage.com/169x128.png/cc0000/ffffff,Carbonated Water - Orange
http://dummyimage.com/229x207.bmp/cc0000/ffffff,Egg Patty Fried
http://dummyimage.com/240x172.png/5fa2dd/ffffff,Laundry - Bag Cloth
http://dummyimage.com/194x140.png/dddddd/000000,Poppy Seed
http://dummyimage.com/215x209.png/dddddd/000000,Ocean Spray - Ruby Red
http://dummyimage.com/133x207.jpg/cc0000/ffffff,Rum - Mount Gay Eclipes
http://dummyimage.com/143x216.bmp/dddddd/000000,Longos - Cheese Tortellini
http://dummyimage.com/245x181.jpg/ff4444/ffffff,Parsley - Dried
http://dummyimage.com/192x233.jpg/5fa2dd/ffffff,Mushroom - King Eryingii
http://dummyimage.com/190x110.jpg/cc0000/ffffff,Wine - Niagara Peninsula Vqa
http://dummyimage.com/120x241.bmp/ff4444/ffffff,Cheese - Brie
http://dummyimage.com/153x189.bmp/cc0000/ffffff,Spring Roll Veg Mini
http://dummyimage.com/155x145.bmp/5fa2dd/ffffff,Chocolate - Chips Compound
http://dummyimage.com/210x226.png/cc0000/ffffff,Cheese - Stilton
http://dummyimage.com/148x149.png/dddddd/000000,Chocolate - Sugar Free Semi Choc
http://dummyimage.com/105x174.png/dddddd/000000,"Lemonade - Island Tea, 591 Ml"
http://dummyimage.com/166x187.bmp/5fa2dd/ffffff,Syrup - Monin - Granny Smith
http://dummyimage.com/205x202.bmp/5fa2dd/ffffff,Bar - Granola Trail Mix Fruit Nut
http://dummyimage.com/216x211.jpg/5fa2dd/ffffff,Bar Mix - Lime
http://dummyimage.com/204x111.png/5fa2dd/ffffff,Pate - Cognac
http://dummyimage.com/239x234.png/cc0000/ffffff,"Wine - Red, Pinot Noir, Chateau"
http://dummyimage.com/192x108.bmp/5fa2dd/ffffff,"Pasta - Lasagna, Dry"
http://dummyimage.com/244x232.bmp/cc0000/ffffff,Tea Leaves - Oolong
http://dummyimage.com/188x227.jpg/dddddd/000000,Sproutsmustard Cress
http://dummyimage.com/211x246.png/ff4444/ffffff,Mix - Cappucino Cocktail
http://dummyimage.com/214x120.bmp/ff4444/ffffff,Pineapple - Regular
http://dummyimage.com/178x226.png/5fa2dd/ffffff,"Sugar - Brown, Individual"
http://dummyimage.com/245x217.jpg/ff4444/ffffff,Wine - Placido Pinot Grigo
http://dummyimage.com/149x198.png/dddddd/000000,"Beans - Black Bean, Dry"
http://dummyimage.com/153x121.bmp/5fa2dd/ffffff,Garbage Bags - Clear
http://dummyimage.com/177x203.jpg/dddddd/000000,Daves Island Stinger
http://dummyimage.com/215x222.bmp/5fa2dd/ffffff,Wine - Casillero Deldiablo
http://dummyimage.com/231x138.bmp/ff4444/ffffff,Sprouts - Peppercress
http://dummyimage.com/155x241.jpg/5fa2dd/ffffff,Broom - Corn
http://dummyimage.com/206x233.bmp/cc0000/ffffff,Temperature Recording Station
http://dummyimage.com/224x224.png/dddddd/000000,Bread - Rosemary Focaccia
http://dummyimage.com/116x224.png/dddddd/000000,Chocolate - Dark
http://dummyimage.com/109x165.jpg/cc0000/ffffff,"Salmon - Atlantic, Skin On"
http://dummyimage.com/112x195.bmp/dddddd/000000,Chips Potato All Dressed - 43g
http://dummyimage.com/223x237.bmp/ff4444/ffffff,Gatorade - Lemon Lime
http://dummyimage.com/215x100.jpg/cc0000/ffffff,Apple - Northern Spy
http://dummyimage.com/116x146.bmp/ff4444/ffffff,Eggwhite Frozen
http://dummyimage.com/166x220.jpg/ff4444/ffffff,Quinoa
http://dummyimage.com/245x190.jpg/5fa2dd/ffffff,Wine - Black Tower Qr
http://dummyimage.com/149x245.png/dddddd/000000,Fruit Salad Deluxe
http://dummyimage.com/116x242.png/5fa2dd/ffffff,Miso - Soy Bean Paste
http://dummyimage.com/234x249.bmp/5fa2dd/ffffff,Veal - Sweetbread
http://dummyimage.com/229x126.bmp/cc0000/ffffff,Sauce - Hp
http://dummyimage.com/218x171.jpg/5fa2dd/ffffff,Sterno - Chafing Dish Fuel
http://dummyimage.com/249x197.jpg/cc0000/ffffff,Pickles - Gherkins
http://dummyimage.com/203x205.bmp/cc0000/ffffff,Soup - Campbells Bean Medley
http://dummyimage.com/135x107.jpg/ff4444/ffffff,Bouq All Italian - Primerba
http://dummyimage.com/197x236.jpg/ff4444/ffffff,"Coffee - Colombian, Portioned"
http://dummyimage.com/141x189.png/dddddd/000000,Container - Clear 32 Oz
http://dummyimage.com/244x240.bmp/dddddd/000000,Cream - 10%
http://dummyimage.com/247x214.png/ff4444/ffffff,"Quail - Whole, Boneless"
http://dummyimage.com/115x250.jpg/ff4444/ffffff,Wine - Cotes Du Rhone Parallele
http://dummyimage.com/101x150.jpg/dddddd/000000,Paper Towel Touchless
http://dummyimage.com/137x227.png/dddddd/000000,Herb Du Provence - Primerba
http://dummyimage.com/211x245.bmp/dddddd/000000,"Tart Shells - Savory, 3"
http://dummyimage.com/197x131.jpg/dddddd/000000,"Nut - Chestnuts, Whole"
http://dummyimage.com/147x140.jpg/5fa2dd/ffffff,"Asparagus - White, Canned"
http://dummyimage.com/178x238.jpg/dddddd/000000,Vinegar - Cider
http://dummyimage.com/156x183.jpg/5fa2dd/ffffff,Poppy Seed
http://dummyimage.com/172x157.png/ff4444/ffffff,Glass - Juice Clear 5oz 55005
http://dummyimage.com/147x166.png/ff4444/ffffff,Snails - Large Canned
http://dummyimage.com/126x103.jpg/dddddd/000000,Taro Root
http://dummyimage.com/108x207.jpg/5fa2dd/ffffff,Schnappes Peppermint - Walker
http://dummyimage.com/250x196.jpg/5fa2dd/ffffff,"Mushroom - Porcini, Dry"
http://dummyimage.com/238x187.png/5fa2dd/ffffff,"Pasta - Fett Alfredo, Single Serve"
http://dummyimage.com/178x236.png/5fa2dd/ffffff,Veal - Loin
http://dummyimage.com/182x150.bmp/ff4444/ffffff,Cognac - Courvaisier
http://dummyimage.com/130x131.jpg/cc0000/ffffff,Onion Powder
http://dummyimage.com/228x198.jpg/5fa2dd/ffffff,Tea - Honey Green Tea
http://dummyimage.com/185x192.png/cc0000/ffffff,Compound - Mocha
http://dummyimage.com/180x111.jpg/cc0000/ffffff,Trueblue - Blueberry 12x473ml
http://dummyimage.com/127x113.bmp/ff4444/ffffff,Thyme - Dried
http://dummyimage.com/131x198.png/ff4444/ffffff,Cheese - Perron Cheddar
http://dummyimage.com/112x190.jpg/5fa2dd/ffffff,"Tabasco Sauce, 2 Oz"
http://dummyimage.com/118x218.png/dddddd/000000,Icecream - Dstk Strw Chseck
http://dummyimage.com/244x112.bmp/ff4444/ffffff,Shrimp - 150 - 250
http://dummyimage.com/243x144.bmp/ff4444/ffffff,Carbonated Water - Strawberry
http://dummyimage.com/122x192.png/5fa2dd/ffffff,"Doilies - 10, Paper"
http://dummyimage.com/144x112.png/cc0000/ffffff,Pear - Halves
http://dummyimage.com/233x162.png/5fa2dd/ffffff,"Lemonade - Strawberry, 591 Ml"
http://dummyimage.com/206x193.png/dddddd/000000,Sausage - Liver
http://dummyimage.com/108x232.bmp/cc0000/ffffff,Yoplait Drink
http://dummyimage.com/149x168.bmp/cc0000/ffffff,"Brocolinni - Gaylan, Chinese"
http://dummyimage.com/204x191.bmp/5fa2dd/ffffff,"Crab - Dungeness, Whole, live"
http://dummyimage.com/195x124.jpg/ff4444/ffffff,Compound - Strawberry
http://dummyimage.com/184x178.bmp/ff4444/ffffff,Puree - Raspberry
http://dummyimage.com/216x177.bmp/ff4444/ffffff,Bar Energy Chocchip
http://dummyimage.com/104x204.png/cc0000/ffffff,Langers - Ruby Red Grapfruit
http://dummyimage.com/157x111.png/dddddd/000000,"Tart Shells - Savory, 4"
http://dummyimage.com/236x233.jpg/5fa2dd/ffffff,Myers Planters Punch
http://dummyimage.com/241x153.jpg/dddddd/000000,Juice - Apple 284ml
http://dummyimage.com/163x215.jpg/dddddd/000000,"Cup - 3.5oz, Foam"
http://dummyimage.com/156x192.bmp/5fa2dd/ffffff,Papayas
http://dummyimage.com/178x106.bmp/cc0000/ffffff,Water - San Pellegrino
http://dummyimage.com/120x156.bmp/ff4444/ffffff,Juice - Mango
http://dummyimage.com/249x108.bmp/dddddd/000000,Tomatillo
http://dummyimage.com/146x140.png/dddddd/000000,"Chicken - Wings, Tip Off"
http://dummyimage.com/140x145.bmp/5fa2dd/ffffff,Dragon Fruit
http://dummyimage.com/135x164.jpg/cc0000/ffffff,Gelatine Leaves - Bulk
http://dummyimage.com/140x193.bmp/5fa2dd/ffffff,Puree - Raspberry
http://dummyimage.com/149x224.bmp/5fa2dd/ffffff,Wine - Crozes Hermitage E.
http://dummyimage.com/179x123.png/5fa2dd/ffffff,Lychee - Canned
http://dummyimage.com/142x143.jpg/5fa2dd/ffffff,Clams - Bay
http://dummyimage.com/171x197.jpg/ff4444/ffffff,Transfer Sheets
http://dummyimage.com/137x188.bmp/5fa2dd/ffffff,Cinnamon - Ground
http://dummyimage.com/146x108.jpg/dddddd/000000,Pork - Sausage Casing
http://dummyimage.com/231x113.bmp/ff4444/ffffff,Cheese - Augre Des Champs
http://dummyimage.com/211x232.jpg/dddddd/000000,"Mushroom - Shitake, Dry"
http://dummyimage.com/245x187.bmp/cc0000/ffffff,Shrimp - 31/40
http://dummyimage.com/180x197.jpg/dddddd/000000,Beets
http://dummyimage.com/249x212.bmp/5fa2dd/ffffff,"Yeast - Fresh, Fleischman"
http://dummyimage.com/235x123.jpg/dddddd/000000,"Veal - Leg, Provimi - 50 Lb Max"
http://dummyimage.com/154x196.png/5fa2dd/ffffff,Tea - Orange Pekoe
http://dummyimage.com/141x218.png/ff4444/ffffff,"Pepper - Paprika, Hungarian"
http://dummyimage.com/235x110.png/ff4444/ffffff,Mousse - Passion Fruit
http://dummyimage.com/190x101.png/cc0000/ffffff,"Lemonade - Kiwi, 591 Ml"
http://dummyimage.com/245x148.bmp/cc0000/ffffff,"Mushroom - Oyster, Fresh"
http://dummyimage.com/229x186.png/5fa2dd/ffffff,"Beans - Turtle, Black, Dry"
http://dummyimage.com/156x249.bmp/5fa2dd/ffffff,Muffin - Blueberry Individual
http://dummyimage.com/178x235.jpg/cc0000/ffffff,"Bread - Dark Rye, Loaf"
http://dummyimage.com/183x114.bmp/dddddd/000000,Tarts Assorted
http://dummyimage.com/202x127.png/ff4444/ffffff,Huck Towels White
http://dummyimage.com/224x171.png/ff4444/ffffff,"Jam - Strawberry, 20 Ml Jar"
http://dummyimage.com/142x198.bmp/5fa2dd/ffffff,Juice - Ocean Spray Kiwi
http://dummyimage.com/108x183.png/5fa2dd/ffffff,Bandage - Finger Cots
http://dummyimage.com/175x139.jpg/dddddd/000000,Beans - Fine
http://dummyimage.com/185x236.png/dddddd/000000,"Cheese - Brie, Triple Creme"
http://dummyimage.com/100x136.png/5fa2dd/ffffff,Wasabi Powder
http://dummyimage.com/166x109.bmp/5fa2dd/ffffff,Beef - Salted
http://dummyimage.com/223x192.jpg/5fa2dd/ffffff,Coffee - Dark Roast
http://dummyimage.com/191x166.png/ff4444/ffffff,"Sugar - Brown, Individual"
http://dummyimage.com/113x195.png/ff4444/ffffff,Rice - 7 Grain Blend
http://dummyimage.com/165x159.bmp/dddddd/000000,Foil - Round Foil
http://dummyimage.com/182x180.jpg/dddddd/000000,Wine - Barossa Valley Estate
http://dummyimage.com/120x210.jpg/5fa2dd/ffffff,"Cheese - Cheddar, Mild"
http://dummyimage.com/226x192.png/cc0000/ffffff,Cilantro / Coriander - Fresh
http://dummyimage.com/141x141.jpg/ff4444/ffffff,Plastic Arrow Stir Stick
http://dummyimage.com/222x212.png/cc0000/ffffff,Pork Ham Prager
http://dummyimage.com/108x177.bmp/ff4444/ffffff,Flavouring Vanilla Artificial
http://dummyimage.com/184x247.bmp/ff4444/ffffff,Table Cloth 62x120 Colour
http://dummyimage.com/126x201.bmp/dddddd/000000,"Wine - White, Riesling, Henry Of"
http://dummyimage.com/138x169.png/cc0000/ffffff,Nantucket - Orange Mango Cktl
http://dummyimage.com/226x250.bmp/ff4444/ffffff,Kahlua
http://dummyimage.com/164x104.png/cc0000/ffffff,"Soup - Cream Of Broccoli, Dry"
http://dummyimage.com/113x170.jpg/cc0000/ffffff,Swiss Chard
http://dummyimage.com/172x246.bmp/dddddd/000000,Canada Dry
http://dummyimage.com/211x184.png/ff4444/ffffff,Kaffir Lime Leaves
http://dummyimage.com/174x225.png/5fa2dd/ffffff,Wheat - Soft Kernal Of Wheat
http://dummyimage.com/158x225.bmp/ff4444/ffffff,Lamb Tenderloin Nz Fr
http://dummyimage.com/250x126.png/dddddd/000000,Jam - Apricot
http://dummyimage.com/196x110.jpg/5fa2dd/ffffff,Mace Ground
http://dummyimage.com/172x161.bmp/5fa2dd/ffffff,"Lemonade - Island Tea, 591 Ml"
http://dummyimage.com/218x224.bmp/dddddd/000000,Flavouring Vanilla Artificial
http://dummyimage.com/104x211.bmp/cc0000/ffffff,Puree - Pear
http://dummyimage.com/163x103.bmp/5fa2dd/ffffff,Venison - Ground
http://dummyimage.com/108x205.png/cc0000/ffffff,Lady Fingers
http://dummyimage.com/182x240.png/5fa2dd/ffffff,Bread Fig And Almond
http://dummyimage.com/204x237.jpg/cc0000/ffffff,Tequila - Sauza Silver
http://dummyimage.com/150x235.png/dddddd/000000,Onions - White
http://dummyimage.com/249x166.bmp/cc0000/ffffff,"Trout - Rainbow, Fresh"
http://dummyimage.com/161x192.jpg/5fa2dd/ffffff,Chocolate Bar - Reese Pieces
http://dummyimage.com/244x120.jpg/5fa2dd/ffffff,Cheese - Cream Cheese
http://dummyimage.com/144x215.jpg/ff4444/ffffff,Table Cloth 62x120 Colour
http://dummyimage.com/200x163.bmp/dddddd/000000,Tumeric
http://dummyimage.com/183x234.bmp/ff4444/ffffff,Plasticknivesblack
http://dummyimage.com/147x159.bmp/ff4444/ffffff,Spice - Montreal Steak Spice
http://dummyimage.com/102x190.jpg/dddddd/000000,Sausage - Meat
http://dummyimage.com/170x191.png/dddddd/000000,Sauce - Ranch Dressing
http://dummyimage.com/102x245.png/dddddd/000000,Pernod
http://dummyimage.com/170x182.bmp/ff4444/ffffff,Appetiser - Bought
http://dummyimage.com/248x121.jpg/cc0000/ffffff,Cheese - Mix
http://dummyimage.com/110x186.bmp/5fa2dd/ffffff,Pea - Snow
http://dummyimage.com/222x150.png/dddddd/000000,Basil - Thai
http://dummyimage.com/244x103.bmp/cc0000/ffffff,"Sauce - Black Current, Dry Mix"
http://dummyimage.com/243x175.jpg/dddddd/000000,Cocktail Napkin Blue
http://dummyimage.com/123x236.png/ff4444/ffffff,Five Alive Citrus
http://dummyimage.com/109x177.bmp/ff4444/ffffff,Table Cloth 91x91 Colour
http://dummyimage.com/102x216.png/cc0000/ffffff,Wine - Ej Gallo Sonoma
http://dummyimage.com/238x111.png/5fa2dd/ffffff,Milk - Skim
http://dummyimage.com/213x211.jpg/dddddd/000000,Muskox - French Rack
http://dummyimage.com/183x169.png/5fa2dd/ffffff,"Lobster - Baby, Boiled"
http://dummyimage.com/101x210.jpg/5fa2dd/ffffff,"Wine - White, Lindemans Bin 95"
http://dummyimage.com/135x243.bmp/dddddd/000000,"Wine - Magnotta - Red, Baco"
http://dummyimage.com/226x177.png/dddddd/000000,Tart - Lemon
http://dummyimage.com/179x169.bmp/dddddd/000000,Mix - Cocktail Strawberry Daiquiri
http://dummyimage.com/192x106.bmp/cc0000/ffffff,"Wine - Red, Harrow Estates, Cab"
http://dummyimage.com/168x205.png/ff4444/ffffff,Tart - Pecan Butter Squares
http://dummyimage.com/230x248.jpg/dddddd/000000,Soup - Campbells Beef Stew
http://dummyimage.com/215x200.png/ff4444/ffffff,Apples - Sliced / Wedge
http://dummyimage.com/238x151.png/5fa2dd/ffffff,"Marsala - Sperone, Fine, D.o.c."
http://dummyimage.com/192x148.png/5fa2dd/ffffff,Temperature Recording Station
http://dummyimage.com/120x198.bmp/ff4444/ffffff,Fuji Apples
http://dummyimage.com/148x171.jpg/dddddd/000000,Crab Brie In Phyllo
http://dummyimage.com/101x136.jpg/ff4444/ffffff,"Beans - Navy, Dry"
http://dummyimage.com/243x237.png/ff4444/ffffff,"Pepsi - Diet, 355 Ml"
http://dummyimage.com/168x247.jpg/dddddd/000000,Napkin White
http://dummyimage.com/194x213.bmp/5fa2dd/ffffff,"Mushroom - Enoki, Fresh"
http://dummyimage.com/146x216.png/dddddd/000000,Wine - Chateau Aqueria Tavel
http://dummyimage.com/168x162.png/5fa2dd/ffffff,Gatorade - Cool Blue Raspberry
http://dummyimage.com/212x166.png/5fa2dd/ffffff,Bagel - Sesame Seed Presliced
http://dummyimage.com/193x222.jpg/dddddd/000000,Bread Roll Foccacia
http://dummyimage.com/107x163.png/cc0000/ffffff,Hagen Daza - Dk Choocolate
http://dummyimage.com/147x131.jpg/5fa2dd/ffffff,"Cheese - Brie, Cups 125g"
http://dummyimage.com/162x213.jpg/ff4444/ffffff,Drambuie
http://dummyimage.com/145x218.jpg/5fa2dd/ffffff,"Salsify, Organic"
http://dummyimage.com/232x101.png/5fa2dd/ffffff,"Soup - Beef, Base Mix"
http://dummyimage.com/218x226.png/5fa2dd/ffffff,Petite Baguette
http://dummyimage.com/140x246.png/dddddd/000000,Tamarillo
http://dummyimage.com/144x214.bmp/ff4444/ffffff,Squeeze Bottle
http://dummyimage.com/234x199.png/dddddd/000000,Pear - Prickly
http://dummyimage.com/130x175.bmp/5fa2dd/ffffff,"Noodles - Cellophane, Thin"
http://dummyimage.com/114x157.bmp/cc0000/ffffff,Eggplant - Regular
http://dummyimage.com/232x133.jpg/cc0000/ffffff,Table Cloth 53x69 White
http://dummyimage.com/234x162.jpg/5fa2dd/ffffff,Graham Cracker Mix
http://dummyimage.com/236x218.bmp/cc0000/ffffff,Cheese - Pied De Vents
http://dummyimage.com/150x233.bmp/dddddd/000000,Muffin Puck Ww Carrot
http://dummyimage.com/157x215.jpg/ff4444/ffffff,Garlic - Elephant
http://dummyimage.com/200x128.bmp/ff4444/ffffff,Soup - Campbells
http://dummyimage.com/186x240.bmp/5fa2dd/ffffff,"Bread - Sticks, Thin, Plain"
http://dummyimage.com/176x199.jpg/5fa2dd/ffffff,Pectin
http://dummyimage.com/200x187.png/dddddd/000000,"Asparagus - Green, Fresh"
http://dummyimage.com/176x249.png/ff4444/ffffff,Sour Cream
http://dummyimage.com/145x239.bmp/ff4444/ffffff,Wine - Puligny Montrachet A.
http://dummyimage.com/108x125.png/5fa2dd/ffffff,"Juice - Grapefruit, 341 Ml"
http://dummyimage.com/136x100.png/5fa2dd/ffffff,Parasol Pick Stir Stick
http://dummyimage.com/104x224.bmp/cc0000/ffffff,Mussels - Cultivated
http://dummyimage.com/191x112.png/5fa2dd/ffffff,Gatorade - Fruit Punch
http://dummyimage.com/125x219.png/cc0000/ffffff,"Quail - Eggs, Fresh"
http://dummyimage.com/125x225.png/ff4444/ffffff,Syrup - Kahlua Chocolate
http://dummyimage.com/199x140.jpg/ff4444/ffffff,Ice Cream Bar - Rolo Cone
http://dummyimage.com/107x159.png/cc0000/ffffff,"Crab - Dungeness, Whole, live"
http://dummyimage.com/166x223.png/ff4444/ffffff,Chocolate - Dark Callets
http://dummyimage.com/178x165.png/5fa2dd/ffffff,Wine - Beaujolais Villages
http://dummyimage.com/120x140.jpg/ff4444/ffffff,Mix - Cocktail Ice Cream
http://dummyimage.com/110x184.png/5fa2dd/ffffff,Pop Shoppe Cream Soda
http://dummyimage.com/164x138.jpg/5fa2dd/ffffff,Dip - Tapenade
http://dummyimage.com/115x238.png/cc0000/ffffff,"Mushroom - Shitake, Fresh"
http://dummyimage.com/112x213.png/cc0000/ffffff,Milk - Chocolate 250 Ml
http://dummyimage.com/246x156.bmp/cc0000/ffffff,Bag - Clear 7 Lb
http://dummyimage.com/114x243.bmp/dddddd/000000,"Bread - Roll, Canadian Dinner"
http://dummyimage.com/164x138.jpg/5fa2dd/ffffff,"Bread - Multigrain, Loaf"
http://dummyimage.com/249x142.bmp/5fa2dd/ffffff,Cheese - Goat With Herbs
http://dummyimage.com/151x157.png/dddddd/000000,Soup - Campbells - Chicken Noodle
http://dummyimage.com/222x220.png/5fa2dd/ffffff,Parsnip
http://dummyimage.com/136x114.jpg/cc0000/ffffff,"Wine - Saint - Bris 2002, Sauv"
http://dummyimage.com/121x127.jpg/cc0000/ffffff,Juice - Orange 1.89l
http://dummyimage.com/136x220.bmp/cc0000/ffffff,Pancetta
http://dummyimage.com/230x203.png/5fa2dd/ffffff,Mints - Striped Red
http://dummyimage.com/173x195.png/ff4444/ffffff,French Kiss Vanilla
http://dummyimage.com/182x225.bmp/dddddd/000000,"Iced Tea - Lemon, 460 Ml"
http://dummyimage.com/248x154.jpg/dddddd/000000,Muffin Hinge 117n
http://dummyimage.com/200x233.bmp/dddddd/000000,Basil - Fresh
http://dummyimage.com/242x151.bmp/dddddd/000000,Water - Tonic
http://dummyimage.com/243x151.bmp/cc0000/ffffff,Wine - Touraine Azay - Le - Rideau
http://dummyimage.com/248x111.png/dddddd/000000,Wine - Hardys Bankside Shiraz
http://dummyimage.com/190x145.png/ff4444/ffffff,Wonton Wrappers
http://dummyimage.com/250x106.bmp/cc0000/ffffff,Wine - Chateau Timberlay
http://dummyimage.com/208x144.png/cc0000/ffffff,Mcguinness - Blue Curacao
http://dummyimage.com/239x109.png/5fa2dd/ffffff,Dc Hikiage Hira Huba
http://dummyimage.com/130x243.png/ff4444/ffffff,"Veal - Insides, Grains"
http://dummyimage.com/222x115.bmp/5fa2dd/ffffff,Urban Zen Drinks
http://dummyimage.com/146x130.png/cc0000/ffffff,Beets - Mini Golden
http://dummyimage.com/226x144.bmp/ff4444/ffffff,Lamb Rack Frenched Australian
http://dummyimage.com/105x116.bmp/dddddd/000000,Wine - Port Late Bottled Vintage
http://dummyimage.com/147x152.png/5fa2dd/ffffff,Beer - Rickards Red
http://dummyimage.com/202x176.jpg/ff4444/ffffff,Mix - Cocktail Ice Cream
http://dummyimage.com/108x173.jpg/5fa2dd/ffffff,Yogurt - Plain
http://dummyimage.com/121x238.png/dddddd/000000,Assorted Desserts
http://dummyimage.com/111x241.jpg/dddddd/000000,Oil - Margarine
http://dummyimage.com/163x170.png/cc0000/ffffff,Flour - Rye
http://dummyimage.com/177x235.bmp/dddddd/000000,Watercress
http://dummyimage.com/170x236.jpg/cc0000/ffffff,"Tarragon - Primerba, Paste"
http://dummyimage.com/209x199.bmp/5fa2dd/ffffff,Cheese - Oka
http://dummyimage.com/149x231.png/5fa2dd/ffffff,Chinese Foods - Pepper Beef
http://dummyimage.com/115x163.bmp/dddddd/000000,Tomatillo
http://dummyimage.com/129x178.jpg/dddddd/000000,"Salmon - Whole, 4 - 6 Pounds"
http://dummyimage.com/216x106.bmp/ff4444/ffffff,The Pop Shoppe - Root Beer
http://dummyimage.com/128x147.jpg/ff4444/ffffff,Soup - Chicken And Wild Rice
http://dummyimage.com/135x152.png/cc0000/ffffff,Wine - Savigny - Les - Beaune
http://dummyimage.com/188x146.bmp/dddddd/000000,Olive - Spread Tapenade
http://dummyimage.com/115x215.png/5fa2dd/ffffff,Pasta - Angel Hair
http://dummyimage.com/213x131.png/cc0000/ffffff,"Bread - Roll, Whole Wheat"
http://dummyimage.com/182x174.bmp/cc0000/ffffff,Muffin Chocolate Individual Wrap
http://dummyimage.com/230x217.png/5fa2dd/ffffff,Beef Wellington
http://dummyimage.com/185x147.jpg/cc0000/ffffff,Beer - Camerons Cream Ale
http://dummyimage.com/122x117.bmp/5fa2dd/ffffff,Juice - Cranberry 284ml
http://dummyimage.com/236x162.bmp/dddddd/000000,Pepper - Sorrano
http://dummyimage.com/212x113.png/cc0000/ffffff,Tuna - Sushi Grade
http://dummyimage.com/239x149.jpg/dddddd/000000,Icecream Cone - Areo Chocolate
http://dummyimage.com/103x159.png/ff4444/ffffff,Chicken - Whole Fryers
http://dummyimage.com/248x214.bmp/cc0000/ffffff,Papadam
http://dummyimage.com/218x227.png/dddddd/000000,Soup Campbells Beef With Veg
http://dummyimage.com/119x209.png/cc0000/ffffff,"Radish - Black, Winter, Organic"
http://dummyimage.com/194x228.jpg/cc0000/ffffff,Ecolab Digiclean Mild Fm
http://dummyimage.com/230x143.jpg/5fa2dd/ffffff,Coffee Cup 8oz 5338cd
http://dummyimage.com/159x205.bmp/cc0000/ffffff,Beans - Butter Lrg Lima
http://dummyimage.com/156x203.bmp/5fa2dd/ffffff,Flour - Strong Pizza
http://dummyimage.com/174x209.png/5fa2dd/ffffff,"Bar Mix - Pina Colada, 355 Ml"
http://dummyimage.com/244x174.png/5fa2dd/ffffff,Juice - Orange 1.89l
http://dummyimage.com/201x109.bmp/ff4444/ffffff,Bread - Burger
http://dummyimage.com/158x219.jpg/dddddd/000000,Ecolab - Mikroklene 4/4 L
http://dummyimage.com/123x221.bmp/5fa2dd/ffffff,Beef - Cow Feet Split
http://dummyimage.com/133x191.bmp/ff4444/ffffff,Flower - Potmums
http://dummyimage.com/221x136.bmp/5fa2dd/ffffff,Bread - Olive Dinner Roll
http://dummyimage.com/163x114.jpg/ff4444/ffffff,"Pasta - Lasagna Noodle, Frozen"
http://dummyimage.com/233x105.jpg/5fa2dd/ffffff,Wine - Alicanca Vinho Verde
http://dummyimage.com/107x229.jpg/5fa2dd/ffffff,"Sugar - Brown, Individual"
http://dummyimage.com/196x182.png/5fa2dd/ffffff,Figs
http://dummyimage.com/203x244.png/5fa2dd/ffffff,Chivas Regal - 12 Year Old
http://dummyimage.com/152x166.png/cc0000/ffffff,Cookie Dough - Oatmeal Rasin
http://dummyimage.com/123x148.jpg/cc0000/ffffff,Dragon Fruit
http://dummyimage.com/106x169.jpg/dddddd/000000,"Shrimp, Dried, Small / Lb"
http://dummyimage.com/152x217.jpg/ff4444/ffffff,Vinegar - Champagne
http://dummyimage.com/212x244.jpg/cc0000/ffffff,"Chicken - Breast, 5 - 7 Oz"
http://dummyimage.com/161x159.png/cc0000/ffffff,Salt - Kosher
http://dummyimage.com/127x141.bmp/ff4444/ffffff,"Gin - Gilbeys London, Dry"
http://dummyimage.com/194x116.jpg/5fa2dd/ffffff,Wine - Chenin Blanc K.w.v.
http://dummyimage.com/224x163.jpg/ff4444/ffffff,Jagermeister
http://dummyimage.com/147x196.png/ff4444/ffffff,Pheasants - Whole
http://dummyimage.com/159x170.png/5fa2dd/ffffff,Anchovy Fillets
http://dummyimage.com/236x131.bmp/dddddd/000000,Cup - Translucent 7 Oz Clear
http://dummyimage.com/116x242.jpg/cc0000/ffffff,"Lemonade - Island Tea, 591 Ml"
http://dummyimage.com/201x232.png/5fa2dd/ffffff,Sprouts - Brussel
http://dummyimage.com/124x136.jpg/dddddd/000000,Worcestershire Sauce
http://dummyimage.com/238x181.png/ff4444/ffffff,Table Cloth 90x90 Colour
http://dummyimage.com/217x194.jpg/dddddd/000000,"Veal - Chops, Split, Frenched"
http://dummyimage.com/101x213.png/5fa2dd/ffffff,"Wine - Red, Lurton Merlot De"
http://dummyimage.com/161x194.jpg/ff4444/ffffff,Mix - Cappucino Cocktail
http://dummyimage.com/173x106.png/cc0000/ffffff,Madeira
http://dummyimage.com/101x201.jpg/dddddd/000000,Wine - Pinot Noir Pond Haddock
http://dummyimage.com/139x199.bmp/ff4444/ffffff,Beer - Sleemans Cream Ale
http://dummyimage.com/160x241.png/cc0000/ffffff,Longos - Chicken Caeser Salad
http://dummyimage.com/227x188.jpg/dddddd/000000,"Beef - Rouladin, Sliced"
http://dummyimage.com/166x226.jpg/ff4444/ffffff,Sugar - Crumb
http://dummyimage.com/208x195.bmp/5fa2dd/ffffff,Wine - Maipo Valle Cabernet
http://dummyimage.com/229x102.jpg/ff4444/ffffff,"Wine - Red, Gamay Noir"
http://dummyimage.com/222x144.png/5fa2dd/ffffff,Beef - Cow Feet Split
http://dummyimage.com/197x110.bmp/cc0000/ffffff,Sugar - Monocystal / Rock
http://dummyimage.com/183x238.bmp/ff4444/ffffff,Pepper - Cayenne
http://dummyimage.com/192x129.jpg/cc0000/ffffff,"Chestnuts - Whole,canned"
http://dummyimage.com/109x113.jpg/ff4444/ffffff,Cheese - Goat With Herbs
http://dummyimage.com/209x189.jpg/5fa2dd/ffffff,Wine - Tio Pepe Sherry Fino
http://dummyimage.com/132x223.bmp/5fa2dd/ffffff,Nougat - Paste / Cream
http://dummyimage.com/175x189.bmp/cc0000/ffffff,Sage Ground Wiberg
http://dummyimage.com/126x190.jpg/5fa2dd/ffffff,"Rice Pilaf, Dry,package"
http://dummyimage.com/224x199.jpg/ff4444/ffffff,"Beef - Cooked, Corned"
http://dummyimage.com/173x247.png/dddddd/000000,Remy Red Berry Infusion
http://dummyimage.com/102x244.bmp/cc0000/ffffff,Chicken Giblets
http://dummyimage.com/142x127.png/dddddd/000000,Ice Cream - Chocolate
http://dummyimage.com/165x199.jpg/ff4444/ffffff,Truffle Cups - Red
http://dummyimage.com/192x142.bmp/ff4444/ffffff,Strawberries - California
http://dummyimage.com/103x186.png/dddddd/000000,Bread - Focaccia Quarter
http://dummyimage.com/206x172.jpg/cc0000/ffffff,Pail With Metal Handle 16l White
http://dummyimage.com/149x167.png/ff4444/ffffff,Island Oasis - Ice Cream Mix
http://dummyimage.com/101x164.jpg/dddddd/000000,Mushroom - White Button
http://dummyimage.com/121x137.jpg/ff4444/ffffff,Lettuce - Treviso
http://dummyimage.com/151x202.jpg/dddddd/000000,"Pepper - White, Whole"
http://dummyimage.com/244x242.bmp/cc0000/ffffff,"7up Diet, 355 Ml"
http://dummyimage.com/121x204.bmp/cc0000/ffffff,Potatoes - Mini White 3 Oz
http://dummyimage.com/110x122.bmp/5fa2dd/ffffff,Raisin - Dark
http://dummyimage.com/247x143.png/cc0000/ffffff,"Tortillas - Flour, 10"
http://dummyimage.com/153x182.bmp/5fa2dd/ffffff,Ecolab - Balanced Fusion
http://dummyimage.com/138x202.png/cc0000/ffffff,Sprouts - Alfalfa
http://dummyimage.com/174x220.bmp/cc0000/ffffff,Beef - Ox Tongue
http://dummyimage.com/114x216.jpg/ff4444/ffffff,Veal - Leg
http://dummyimage.com/219x179.jpg/ff4444/ffffff,Vinegar - Champagne
http://dummyimage.com/195x110.bmp/ff4444/ffffff,Salad Dressing
http://dummyimage.com/160x110.png/ff4444/ffffff,Turnip - Wax
http://dummyimage.com/180x245.png/5fa2dd/ffffff,Icecream - Dibs
http://dummyimage.com/175x215.jpg/ff4444/ffffff,Table Cloth 90x90 Colour
http://dummyimage.com/110x245.png/5fa2dd/ffffff,Cake - Dulce De Leche
http://dummyimage.com/249x169.jpg/ff4444/ffffff,Vinegar - White
http://dummyimage.com/221x203.jpg/dddddd/000000,"Mushrooms - Black, Dried"
http://dummyimage.com/147x104.bmp/ff4444/ffffff,Cake - Bande Of Fruit
http://dummyimage.com/137x218.png/cc0000/ffffff,Wine - Riesling Dr. Pauly
http://dummyimage.com/246x235.jpg/dddddd/000000,Zucchini - Green
http://dummyimage.com/173x129.png/5fa2dd/ffffff,Beer - Molson Excel
http://dummyimage.com/100x104.jpg/dddddd/000000,Sproutsmustard Cress
http://dummyimage.com/146x247.bmp/5fa2dd/ffffff,"Water - Mineral, Carbonated"
http://dummyimage.com/242x181.png/5fa2dd/ffffff,Anchovy Fillets
http://dummyimage.com/158x168.jpg/dddddd/000000,"Trout - Rainbow, Fresh"
http://dummyimage.com/210x107.png/5fa2dd/ffffff,Blackberries
http://dummyimage.com/172x137.bmp/ff4444/ffffff,Chinese Foods - Thick Noodles
http://dummyimage.com/228x197.bmp/dddddd/000000,White Fish - Filets
http://dummyimage.com/153x172.bmp/dddddd/000000,Sausage - Breakfast
http://dummyimage.com/172x249.bmp/5fa2dd/ffffff,Cake - Night And Day Choclate
http://dummyimage.com/101x196.jpg/ff4444/ffffff,Island Oasis - Peach Daiquiri
http://dummyimage.com/219x143.jpg/dddddd/000000,Cinnamon Buns Sticky
http://dummyimage.com/180x247.png/ff4444/ffffff,Ginger - Crystalized
http://dummyimage.com/213x139.jpg/5fa2dd/ffffff,Chivas Regal - 12 Year Old
http://dummyimage.com/149x231.png/ff4444/ffffff,Sour Cream
http://dummyimage.com/192x124.bmp/5fa2dd/ffffff,Breakfast Quesadillas
http://dummyimage.com/215x240.png/5fa2dd/ffffff,Beef - Prime Rib Aaa
http://dummyimage.com/231x101.png/cc0000/ffffff,"Wine - Red, Mouton Cadet"
http://dummyimage.com/217x191.png/dddddd/000000,Compound - Pear
http://dummyimage.com/159x193.bmp/ff4444/ffffff,Crab Meat Claw Pasteurise
http://dummyimage.com/148x208.png/ff4444/ffffff,Bar Bran Honey Nut
http://dummyimage.com/218x172.jpg/ff4444/ffffff,"Soup - Campbells, Classic Chix"
http://dummyimage.com/200x171.png/cc0000/ffffff,Sauce - Chili
http://dummyimage.com/120x169.png/ff4444/ffffff,Nut - Macadamia
http://dummyimage.com/118x221.jpg/dddddd/000000,"Shrimp - 16/20, Peeled Deviened"
http://dummyimage.com/240x176.png/5fa2dd/ffffff,Quail Eggs - Canned
http://dummyimage.com/113x222.png/5fa2dd/ffffff,Cheese Cheddar Processed
http://dummyimage.com/117x144.jpg/5fa2dd/ffffff,Beef - Texas Style Burger
http://dummyimage.com/222x211.png/dddddd/000000,Muffin Batt - Blueberry Passion
http://dummyimage.com/180x141.bmp/ff4444/ffffff,"Wine - Red, Pinot Noir, Chateau"
http://dummyimage.com/239x124.bmp/5fa2dd/ffffff,Milk - Chocolate 500ml
http://dummyimage.com/107x129.png/5fa2dd/ffffff,Vinegar - Raspberry
http://dummyimage.com/236x246.png/cc0000/ffffff,Wine - Fat Bastard Merlot
http://dummyimage.com/193x223.png/5fa2dd/ffffff,"Marjoram - Dried, Rubbed"
http://dummyimage.com/217x173.jpg/ff4444/ffffff,Broom - Corn
http://dummyimage.com/246x248.jpg/5fa2dd/ffffff,Appetizer - Asian Shrimp Roll
http://dummyimage.com/140x184.bmp/5fa2dd/ffffff,Olives - Stuffed
http://dummyimage.com/143x172.bmp/5fa2dd/ffffff,Cabbage - Savoy
http://dummyimage.com/104x118.jpg/cc0000/ffffff,Turkey Tenderloin Frozen
http://dummyimage.com/162x239.bmp/5fa2dd/ffffff,Kahlua
http://dummyimage.com/147x173.jpg/cc0000/ffffff,Bread - Frozen Basket Variety
http://dummyimage.com/184x160.bmp/5fa2dd/ffffff,Sauce - Balsamic Viniagrette
http://dummyimage.com/133x208.png/5fa2dd/ffffff,Crab Brie In Phyllo
http://dummyimage.com/199x109.png/dddddd/000000,Mousse - Mango
http://dummyimage.com/144x233.png/dddddd/000000,Cookies - Fortune
http://dummyimage.com/162x221.bmp/5fa2dd/ffffff,"Garlic - Primerba, Paste"
http://dummyimage.com/141x169.jpg/dddddd/000000,Cheese - Shred Cheddar / Mozza
http://dummyimage.com/179x115.jpg/5fa2dd/ffffff,Bay Leaf Fresh
http://dummyimage.com/200x212.jpg/5fa2dd/ffffff,Pie Shell - 9
http://dummyimage.com/228x145.bmp/dddddd/000000,Cheese - Perron Cheddar
http://dummyimage.com/135x102.png/5fa2dd/ffffff,Halibut - Fletches
http://dummyimage.com/184x217.bmp/5fa2dd/ffffff,Smoked Paprika
http://dummyimage.com/119x126.png/5fa2dd/ffffff,Urban Zen Drinks
http://dummyimage.com/190x167.jpg/cc0000/ffffff,Lamb - Rack
http://dummyimage.com/157x217.png/ff4444/ffffff,Lettuce - Arugula
http://dummyimage.com/148x163.jpg/dddddd/000000,"Lemonade - Mandarin, 591 Ml"
http://dummyimage.com/223x231.bmp/ff4444/ffffff,Coconut Milk - Unsweetened
http://dummyimage.com/107x120.jpg/5fa2dd/ffffff,Potatoes - Idaho 80 Count
http://dummyimage.com/121x196.png/dddddd/000000,Ecolab - Mikroklene 4/4 L
http://dummyimage.com/177x238.jpg/ff4444/ffffff,"Pepper - Paprika, Spanish"
http://dummyimage.com/137x133.jpg/ff4444/ffffff,Miso Paste White
http://dummyimage.com/244x160.png/cc0000/ffffff,Sage Ground Wiberg
http://dummyimage.com/135x115.png/dddddd/000000,Pastry - Cheese Baked Scones
http://dummyimage.com/191x227.png/cc0000/ffffff,"Jam - Blackberry, 20 Ml Jar"
http://dummyimage.com/155x136.bmp/dddddd/000000,"Sauce - White, Mix"
http://dummyimage.com/195x108.bmp/dddddd/000000,Bread - Onion Focaccia
http://dummyimage.com/116x120.jpg/5fa2dd/ffffff,Extract Vanilla Pure
http://dummyimage.com/182x175.bmp/cc0000/ffffff,Sponge Cake Mix - Vanilla
http://dummyimage.com/124x247.png/dddddd/000000,Vinegar - Red Wine
http://dummyimage.com/167x196.jpg/ff4444/ffffff,Basil - Fresh
http://dummyimage.com/193x215.jpg/5fa2dd/ffffff,Corn Kernels - Frozen
http://dummyimage.com/158x171.bmp/cc0000/ffffff,Venison - Ground
http://dummyimage.com/216x171.bmp/cc0000/ffffff,Chips Potato Salt Vinegar 43g
http://dummyimage.com/161x197.jpg/5fa2dd/ffffff,Flour - Strong Pizza
http://dummyimage.com/211x160.bmp/cc0000/ffffff,Fireball Whisky
http://dummyimage.com/225x132.png/cc0000/ffffff,Beer - Upper Canada Lager
http://dummyimage.com/129x165.png/5fa2dd/ffffff,"Pork - Bacon, Double Smoked"
http://dummyimage.com/156x108.bmp/5fa2dd/ffffff,Bread - Rosemary Focaccia
http://dummyimage.com/209x247.jpg/cc0000/ffffff,Turkey - Oven Roast Breast
http://dummyimage.com/164x188.bmp/cc0000/ffffff,"Veal - Brisket, Provimi, Bone - In"
http://dummyimage.com/133x105.png/5fa2dd/ffffff,Zucchini - Green
http://dummyimage.com/117x104.bmp/ff4444/ffffff,Beef Dry Aged Tenderloin Aaa
http://dummyimage.com/112x207.bmp/cc0000/ffffff,Beef Cheek Fresh
http://dummyimage.com/176x167.png/5fa2dd/ffffff,Kohlrabi
http://dummyimage.com/146x196.jpg/dddddd/000000,Dried Figs
http://dummyimage.com/250x154.bmp/cc0000/ffffff,Filo Dough
http://dummyimage.com/218x186.jpg/dddddd/000000,Sugar - Cubes
http://dummyimage.com/225x202.bmp/dddddd/000000,Beer - Original Organic Lager
http://dummyimage.com/212x181.bmp/dddddd/000000,Appetizer - Crab And Brie
http://dummyimage.com/218x220.png/5fa2dd/ffffff,Gelatine Powder
http://dummyimage.com/100x139.bmp/dddddd/000000,"Turkey - Breast, Smoked"
http://dummyimage.com/205x162.bmp/ff4444/ffffff,Shallots
http://dummyimage.com/212x196.bmp/cc0000/ffffff,Cleaner - Pine Sol
http://dummyimage.com/111x140.jpg/cc0000/ffffff,Amaretto
http://dummyimage.com/152x152.jpg/cc0000/ffffff,"Fish - Base, Bouillion"
http://dummyimage.com/167x124.jpg/cc0000/ffffff,Food Colouring - Red
http://dummyimage.com/166x144.png/dddddd/000000,Buffalo - Tenderloin
http://dummyimage.com/206x221.bmp/dddddd/000000,Beef Tenderloin Aaa
http://dummyimage.com/126x176.jpg/ff4444/ffffff,Water - San Pellegrino
http://dummyimage.com/102x180.png/dddddd/000000,"Bag - Bread, White, Plain"
http://dummyimage.com/122x181.jpg/ff4444/ffffff,Table Cloth 53x53 White
http://dummyimage.com/192x114.png/dddddd/000000,Bread - Petit Baguette
http://dummyimage.com/170x163.png/dddddd/000000,Grapes - Green
http://dummyimage.com/164x171.bmp/5fa2dd/ffffff,Syrup - Monin - Passion Fruit
http://dummyimage.com/225x204.jpg/cc0000/ffffff,Milkettes - 2%
http://dummyimage.com/218x124.jpg/cc0000/ffffff,Grapefruit - White
http://dummyimage.com/137x195.png/ff4444/ffffff,Potatoes - Idaho 80 Count
http://dummyimage.com/219x190.bmp/ff4444/ffffff,Soup Campbells Turkey Veg.
http://dummyimage.com/229x181.bmp/cc0000/ffffff,Chef Hat 20cm
http://dummyimage.com/166x150.png/cc0000/ffffff,"Dill - Primerba, Paste"
http://dummyimage.com/233x113.png/cc0000/ffffff,Cabbage Roll
http://dummyimage.com/107x192.jpg/ff4444/ffffff,Soup V8 Roasted Red Pepper
http://dummyimage.com/142x216.png/cc0000/ffffff,Bread - English Muffin
http://dummyimage.com/183x156.bmp/dddddd/000000,Baking Soda
http://dummyimage.com/187x127.jpg/5fa2dd/ffffff,Marjoram - Fresh
http://dummyimage.com/153x170.jpg/5fa2dd/ffffff,Steel Wool
http://dummyimage.com/207x239.png/dddddd/000000,"Doilies - 10, Paper"
http://dummyimage.com/163x185.jpg/dddddd/000000,Broom - Push
http://dummyimage.com/171x187.bmp/dddddd/000000,"Pail - 4l White, With Handle"
http://dummyimage.com/138x236.bmp/dddddd/000000,"7up Diet, 355 Ml"
http://dummyimage.com/237x229.bmp/ff4444/ffffff,Wine - Vovray Sec Domaine Huet
http://dummyimage.com/125x172.png/dddddd/000000,Ham Black Forest
http://dummyimage.com/182x231.png/5fa2dd/ffffff,Extract - Almond
http://dummyimage.com/133x149.jpg/dddddd/000000,Grenadillo
http://dummyimage.com/164x159.bmp/ff4444/ffffff,Chocolate - Dark Callets
http://dummyimage.com/113x115.bmp/cc0000/ffffff,"Juice - Clamato, 341 Ml"
http://dummyimage.com/109x106.bmp/cc0000/ffffff,Wine - Prosecco Valdobiaddene
http://dummyimage.com/200x165.bmp/dddddd/000000,Lettuce - Belgian Endive
http://dummyimage.com/243x222.jpg/5fa2dd/ffffff,"Pail - 4l White, With Handle"
http://dummyimage.com/199x198.jpg/cc0000/ffffff,Coffee Cup 8oz 5338cd
http://dummyimage.com/201x243.png/5fa2dd/ffffff,"Lamb - Leg, Bone In"
http://dummyimage.com/180x200.png/5fa2dd/ffffff,Bagel - Ched Chs Presliced
http://dummyimage.com/223x210.bmp/cc0000/ffffff,Noodles - Steamed Chow Mein
http://dummyimage.com/190x228.png/ff4444/ffffff,Wine - Semi Dry Riesling Vineland
http://dummyimage.com/163x136.jpg/5fa2dd/ffffff,Sweet Pea Sprouts
http://dummyimage.com/216x184.jpg/cc0000/ffffff,"Beans - Kidney, Red Dry"
http://dummyimage.com/156x122.jpg/dddddd/000000,"Nut - Walnut, Chopped"
http://dummyimage.com/226x180.jpg/5fa2dd/ffffff,Hummus - Spread
http://dummyimage.com/157x238.jpg/5fa2dd/ffffff,"Veal - Tenderloin, Untrimmed"
http://dummyimage.com/223x161.jpg/5fa2dd/ffffff,"Melon - Watermelon, Seedless"
http://dummyimage.com/117x221.bmp/ff4444/ffffff,Pate - Cognac
http://dummyimage.com/158x222.png/dddddd/000000,Lamb Shoulder Boneless Nz
http://dummyimage.com/117x209.png/cc0000/ffffff,Wine - Soave Folonari
http://dummyimage.com/135x229.png/ff4444/ffffff,"Bread - Rolls, Corn"
http://dummyimage.com/165x238.bmp/cc0000/ffffff,Salmon Steak - Cohoe 6 Oz
http://dummyimage.com/103x185.png/dddddd/000000,"Lentils - Red, Dry"
http://dummyimage.com/205x250.png/cc0000/ffffff,Bar - Sweet And Salty Chocolate
http://dummyimage.com/155x105.png/cc0000/ffffff,"Chicken - Thigh, Bone In"
http://dummyimage.com/201x123.jpg/cc0000/ffffff,Juice - Lemon
http://dummyimage.com/148x140.jpg/dddddd/000000,"Lemonade - Natural, 591 Ml"
http://dummyimage.com/196x114.png/cc0000/ffffff,Jolt Cola
http://dummyimage.com/105x121.png/ff4444/ffffff,Wine - Placido Pinot Grigo
http://dummyimage.com/159x120.jpg/cc0000/ffffff,"Bread - Bagels, Plain"
http://dummyimage.com/178x211.png/5fa2dd/ffffff,Table Cloth 62x114 White
http://dummyimage.com/142x203.png/dddddd/000000,Table Cloth 120 Round White
http://dummyimage.com/158x173.jpg/dddddd/000000,Kellogs All Bran Bars
http://dummyimage.com/142x112.jpg/ff4444/ffffff,Coffee - French Vanilla Frothy
http://dummyimage.com/235x131.png/cc0000/ffffff,Pastry - Chocolate Marble Tea
http://dummyimage.com/179x199.jpg/5fa2dd/ffffff,Chevere Logs
http://dummyimage.com/126x151.png/ff4444/ffffff,Sunflower Seed Raw
http://dummyimage.com/189x237.png/5fa2dd/ffffff,Wine - Piper Heidsieck Brut
http://dummyimage.com/229x123.bmp/cc0000/ffffff,Veal Inside - Provimi
http://dummyimage.com/247x226.png/5fa2dd/ffffff,Pastry - Banana Tea Loaf
http://dummyimage.com/240x119.bmp/5fa2dd/ffffff,"Iced Tea - Lemon, 340ml"
http://dummyimage.com/144x105.jpg/cc0000/ffffff,Table Cloth 72x144 White
http://dummyimage.com/121x248.bmp/ff4444/ffffff,Wine - Sake
http://dummyimage.com/141x132.jpg/ff4444/ffffff,Ham - Cooked Bayonne Tinned
http://dummyimage.com/241x159.jpg/ff4444/ffffff,Cheese - Grana Padano
http://dummyimage.com/135x241.jpg/cc0000/ffffff,True - Vue Containers
http://dummyimage.com/144x102.jpg/5fa2dd/ffffff,Carrots - Jumbo
http://dummyimage.com/184x181.png/cc0000/ffffff,"Soup - Campbells, Minestrone"
http://dummyimage.com/201x231.bmp/ff4444/ffffff,Wheat - Soft Kernal Of Wheat
http://dummyimage.com/166x181.jpg/cc0000/ffffff,Tomatoes - Yellow Hot House
http://dummyimage.com/221x236.png/5fa2dd/ffffff,"Soup - Campbells, Beef Barley"
http://dummyimage.com/241x156.png/dddddd/000000,Rice Paper
http://dummyimage.com/175x213.bmp/cc0000/ffffff,Country Roll
http://dummyimage.com/151x189.png/dddddd/000000,"Spoon - Soup, Plastic"
http://dummyimage.com/206x213.jpg/5fa2dd/ffffff,Lidsoupcont Rp12dn
http://dummyimage.com/123x154.bmp/ff4444/ffffff,Tuna - Bluefin
http://dummyimage.com/248x191.jpg/cc0000/ffffff,Munchies Honey Sweet Trail Mix
http://dummyimage.com/128x230.jpg/5fa2dd/ffffff,Bagel - Sesame Seed Presliced
http://dummyimage.com/218x171.png/cc0000/ffffff,Bread - Pita
http://dummyimage.com/201x123.png/dddddd/000000,Sole - Fillet
http://dummyimage.com/171x196.bmp/dddddd/000000,Heavy Duty Dust Pan
http://dummyimage.com/125x136.jpg/dddddd/000000,Gherkin
http://dummyimage.com/186x132.png/dddddd/000000,Cheese - Colby
http://dummyimage.com/109x114.png/5fa2dd/ffffff,Creamers - 10%
http://dummyimage.com/118x209.jpg/5fa2dd/ffffff,Compound - Pear
http://dummyimage.com/193x185.png/ff4444/ffffff,Momiji Oroshi Chili Sauce
http://dummyimage.com/168x116.jpg/dddddd/000000,Lettuce - Iceberg
http://dummyimage.com/175x109.jpg/5fa2dd/ffffff,Chevere Logs
http://dummyimage.com/126x139.bmp/cc0000/ffffff,Asparagus - Frozen
http://dummyimage.com/162x216.jpg/ff4444/ffffff,Goulash Seasoning
http://dummyimage.com/219x231.jpg/dddddd/000000,Shallots
http://dummyimage.com/150x242.png/cc0000/ffffff,Wine - Manischewitz Concord
http://dummyimage.com/246x134.jpg/5fa2dd/ffffff,Grenadillo
http://dummyimage.com/134x233.jpg/cc0000/ffffff,Ecolab - Lime - A - Way 4/4 L
http://dummyimage.com/201x219.bmp/5fa2dd/ffffff,Wine - Mondavi Coastal Private
http://dummyimage.com/239x177.bmp/5fa2dd/ffffff,"Wine - Red, Cooking"
http://dummyimage.com/130x215.png/ff4444/ffffff,Turnip - Wax
http://dummyimage.com/130x226.png/ff4444/ffffff,Pepper - Chili Powder
http://dummyimage.com/118x212.bmp/ff4444/ffffff,Pork - Liver
http://dummyimage.com/131x168.bmp/ff4444/ffffff,"Turkey - Whole, Fresh"
http://dummyimage.com/193x113.bmp/dddddd/000000,Cheese - Feta
http://dummyimage.com/151x245.jpg/5fa2dd/ffffff,Mangoes
http://dummyimage.com/152x110.png/dddddd/000000,Pail For Lid 1537
http://dummyimage.com/102x229.jpg/5fa2dd/ffffff,Flour - Rye
http://dummyimage.com/174x229.jpg/5fa2dd/ffffff,"Carrots - Purple, Organic"
http://dummyimage.com/121x155.jpg/cc0000/ffffff,Puree - Passion Fruit
http://dummyimage.com/211x160.png/cc0000/ffffff,Alize Sunset
http://dummyimage.com/121x141.png/cc0000/ffffff,Pie Filling - Cherry
http://dummyimage.com/234x227.jpg/ff4444/ffffff,Baking Soda
http://dummyimage.com/191x246.png/dddddd/000000,Table Cloth 62x114 White
http://dummyimage.com/131x166.jpg/ff4444/ffffff,Egg Patty Fried
http://dummyimage.com/214x145.png/dddddd/000000,Gooseberry
http://dummyimage.com/111x173.png/5fa2dd/ffffff,Shrimp - 100 / 200 Cold Water
http://dummyimage.com/134x206.bmp/cc0000/ffffff,Bar Nature Valley
http://dummyimage.com/223x176.bmp/ff4444/ffffff,Bread - Sour Sticks With Onion
http://dummyimage.com/140x139.bmp/dddddd/000000,Chocolate Liqueur - Godet White
http://dummyimage.com/243x133.png/dddddd/000000,Water - San Pellegrino
http://dummyimage.com/228x150.jpg/dddddd/000000,Vodka - Moskovskaya
http://dummyimage.com/187x200.png/cc0000/ffffff,Bread Base - Toscano
http://dummyimage.com/118x118.png/cc0000/ffffff,"Turkey - Whole, Fresh"
http://dummyimage.com/134x194.png/5fa2dd/ffffff,Sour Cream
http://dummyimage.com/100x199.png/ff4444/ffffff,Beef Striploin Aaa
http://dummyimage.com/119x164.bmp/5fa2dd/ffffff,Turkey - Ground. Lean
http://dummyimage.com/199x176.png/dddddd/000000,Plastic Arrow Stir Stick
http://dummyimage.com/144x214.png/dddddd/000000,Sauce - Soy Low Sodium - 3.87l
http://dummyimage.com/133x182.jpg/dddddd/000000,"Pork - Bacon, Sliced"
http://dummyimage.com/158x205.png/cc0000/ffffff,"Jam - Marmalade, Orange"
http://dummyimage.com/163x134.jpg/dddddd/000000,"Wine - Red, Mosaic Zweigelt"
http://dummyimage.com/153x168.bmp/cc0000/ffffff,Snapple - Mango Maddness
http://dummyimage.com/205x167.bmp/5fa2dd/ffffff,Venison - Ground
http://dummyimage.com/110x125.png/dddddd/000000,Cheese Cloth No 100
http://dummyimage.com/219x118.bmp/dddddd/000000,Plate Pie Foil
http://dummyimage.com/198x218.png/cc0000/ffffff,Daves Island Stinger
http://dummyimage.com/152x214.bmp/dddddd/000000,Wheat - Soft Kernal Of Wheat
http://dummyimage.com/115x123.png/dddddd/000000,Cheese - Sheep Milk
http://dummyimage.com/234x212.jpg/5fa2dd/ffffff,Island Oasis - Raspberry
http://dummyimage.com/157x130.jpg/ff4444/ffffff,Pastry - Baked Cinnamon Stick
http://dummyimage.com/155x169.bmp/dddddd/000000,Flour - Fast / Rapid
http://dummyimage.com/186x115.png/5fa2dd/ffffff,Quinoa
http://dummyimage.com/103x243.bmp/cc0000/ffffff,Tray - 16in Rnd Blk
http://dummyimage.com/191x145.jpg/ff4444/ffffff,Coffee Beans - Chocolate
http://dummyimage.com/164x159.png/cc0000/ffffff,Yeast Dry - Fermipan
http://dummyimage.com/120x186.jpg/cc0000/ffffff,Plasticknivesblack
http://dummyimage.com/127x248.bmp/5fa2dd/ffffff,"Olives - Green, Pitted"
http://dummyimage.com/201x248.jpg/cc0000/ffffff,Drambuie
http://dummyimage.com/219x249.bmp/dddddd/000000,Spic And Span All Purpose
http://dummyimage.com/117x247.png/dddddd/000000,Lid - 3oz Med Rec
http://dummyimage.com/212x130.png/dddddd/000000,Langers - Cranberry Cocktail
http://dummyimage.com/159x248.png/5fa2dd/ffffff,Wine - Pinot Grigio Collavini
http://dummyimage.com/101x189.bmp/cc0000/ffffff,"Soup - Beef Conomme, Dry"
http://dummyimage.com/186x240.jpg/5fa2dd/ffffff,Beef - Eye Of Round
http://dummyimage.com/246x140.bmp/dddddd/000000,Gherkin
http://dummyimage.com/222x184.bmp/cc0000/ffffff,Cherries - Fresh
http://dummyimage.com/154x117.jpg/5fa2dd/ffffff,"Pasta - Lasagna, Dry"
http://dummyimage.com/130x235.bmp/cc0000/ffffff,Onions Granulated
http://dummyimage.com/184x105.bmp/ff4444/ffffff,"Rum - White, Gg White"
http://dummyimage.com/242x107.png/ff4444/ffffff,Haggis
http://dummyimage.com/232x201.png/cc0000/ffffff,"Doilies - 10, Paper"
http://dummyimage.com/226x131.jpg/dddddd/000000,Island Oasis - Pina Colada
http://dummyimage.com/200x210.bmp/dddddd/000000,Corn Meal
http://dummyimage.com/183x141.png/ff4444/ffffff,Chicken Breast Halal
http://dummyimage.com/242x107.png/ff4444/ffffff,Cookies - Englishbay Oatmeal
http://dummyimage.com/219x171.bmp/5fa2dd/ffffff,Water - San Pellegrino
http://dummyimage.com/211x162.bmp/ff4444/ffffff,"Wine - White, Riesling, Henry Of"
http://dummyimage.com/151x192.png/cc0000/ffffff,Puree - Strawberry
http://dummyimage.com/107x210.bmp/dddddd/000000,"Nut - Almond, Blanched, Ground"
http://dummyimage.com/223x188.bmp/ff4444/ffffff,Sultanas
http://dummyimage.com/222x242.jpg/ff4444/ffffff,Chocolate Bar - Coffee Crisp
http://dummyimage.com/150x141.png/cc0000/ffffff,"Salmon - Atlantic, No Skin"
http://dummyimage.com/206x111.png/dddddd/000000,Spring Roll Wrappers
http://dummyimage.com/104x113.png/ff4444/ffffff,"Shrimp, Dried, Small / Lb"
http://dummyimage.com/102x103.bmp/cc0000/ffffff,Broom Handle
http://dummyimage.com/110x197.jpg/ff4444/ffffff,"Onions - Dried, Chopped"
http://dummyimage.com/191x188.png/5fa2dd/ffffff,Fenngreek Seed
http://dummyimage.com/157x207.jpg/cc0000/ffffff,Syrup - Monin - Granny Smith
http://dummyimage.com/144x208.jpg/5fa2dd/ffffff,Cake - Miini Cheesecake Cherry
http://dummyimage.com/209x198.bmp/ff4444/ffffff,Squid - Breaded
http://dummyimage.com/131x219.bmp/ff4444/ffffff,"Water, Tap"
http://dummyimage.com/132x125.bmp/ff4444/ffffff,"Wine - White, Lindemans Bin 95"
http://dummyimage.com/146x199.jpg/ff4444/ffffff,Mushroom Morel Fresh
http://dummyimage.com/249x201.bmp/5fa2dd/ffffff,Rabbit - Saddles
http://dummyimage.com/177x158.png/cc0000/ffffff,Compound - Rum
http://dummyimage.com/217x144.bmp/5fa2dd/ffffff,Cake - Lemon Chiffon
http://dummyimage.com/107x143.png/5fa2dd/ffffff,Table Cloth 91x91 Colour
http://dummyimage.com/213x144.jpg/ff4444/ffffff,Limes
http://dummyimage.com/142x137.bmp/ff4444/ffffff,Sugar - Invert
http://dummyimage.com/194x245.png/ff4444/ffffff,Soup - Base Broth Chix
http://dummyimage.com/153x219.png/cc0000/ffffff,Artichokes - Jerusalem
http://dummyimage.com/161x159.png/dddddd/000000,Energy Drink
http://dummyimage.com/125x103.jpg/dddddd/000000,"Pail - 15l White, With Handle"
http://dummyimage.com/195x193.png/cc0000/ffffff,"Juice - Pineapple, 341 Ml"
http://dummyimage.com/178x125.png/cc0000/ffffff,"Doilies - 7, Paper"
http://dummyimage.com/130x158.png/cc0000/ffffff,"Jam - Raspberry,jar"
http://dummyimage.com/140x139.bmp/dddddd/000000,Apricots Fresh
http://dummyimage.com/123x196.png/ff4444/ffffff,Soup - Campbells
http://dummyimage.com/167x165.jpg/cc0000/ffffff,Veal - Slab Bacon
http://dummyimage.com/250x189.png/ff4444/ffffff,Lettuce - Baby Salad Greens
http://dummyimage.com/183x175.jpg/ff4444/ffffff,Smoked Paprika
http://dummyimage.com/171x130.jpg/ff4444/ffffff,Icecream Bar - Del Monte
http://dummyimage.com/183x118.png/cc0000/ffffff,Monkfish - Fresh
http://dummyimage.com/227x165.bmp/5fa2dd/ffffff,Cornish Hen
http://dummyimage.com/162x247.jpg/cc0000/ffffff,Gatorade - Xfactor Berry
http://dummyimage.com/116x113.png/5fa2dd/ffffff,"Rum - Dark, Bacardi, Black"
http://dummyimage.com/176x171.bmp/5fa2dd/ffffff,"Coconut - Shredded, Sweet"
http://dummyimage.com/217x172.jpg/ff4444/ffffff,Flour - Strong
http://dummyimage.com/102x219.png/ff4444/ffffff,"Cake Circle, Foil, Scallop"
http://dummyimage.com/157x227.bmp/dddddd/000000,Coffee - Cafe Moreno
http://dummyimage.com/168x211.jpg/5fa2dd/ffffff,Turnip - White
http://dummyimage.com/171x216.png/dddddd/000000,"Vermouth - White, Cinzano"
http://dummyimage.com/186x122.jpg/dddddd/000000,Coffee - Hazelnut Cream
http://dummyimage.com/135x212.bmp/ff4444/ffffff,"Yogurt - Raspberry, 175 Gr"
http://dummyimage.com/212x133.png/5fa2dd/ffffff,Syrup - Monin - Passion Fruit
http://dummyimage.com/110x112.png/cc0000/ffffff,Shrimp - Black Tiger 8 - 12
http://dummyimage.com/210x219.png/dddddd/000000,Campari
http://dummyimage.com/111x110.bmp/cc0000/ffffff,Island Oasis - Sweet And Sour Mix
http://dummyimage.com/186x208.png/dddddd/000000,Syrup - Monin - Blue Curacao
http://dummyimage.com/220x248.png/ff4444/ffffff,Olives - Kalamata
http://dummyimage.com/139x165.jpg/cc0000/ffffff,Wine - Fino Tio Pepe Gonzalez
http://dummyimage.com/128x151.jpg/ff4444/ffffff,Emulsifier
http://dummyimage.com/238x104.bmp/cc0000/ffffff,Syrup - Monin - Blue Curacao
http://dummyimage.com/185x171.jpg/cc0000/ffffff,Wine - Marlbourough Sauv Blanc
http://dummyimage.com/245x192.jpg/5fa2dd/ffffff,"Cheese - Brie,danish"
http://dummyimage.com/183x188.jpg/5fa2dd/ffffff,Island Oasis - Lemonade
http://dummyimage.com/164x201.jpg/cc0000/ffffff,Soup - Campbells Mushroom
http://dummyimage.com/208x127.jpg/5fa2dd/ffffff,Lid - 0090 Clear
http://dummyimage.com/135x215.png/ff4444/ffffff,"Oil - Truffle, Black"
http://dummyimage.com/113x240.bmp/dddddd/000000,"Gingerale - Schweppes, 355 Ml"
http://dummyimage.com/239x173.bmp/cc0000/ffffff,"Pork - Bacon, Sliced"
http://dummyimage.com/184x145.bmp/5fa2dd/ffffff,Bacardi Limon
http://dummyimage.com/187x156.png/dddddd/000000,Ham - Cooked
http://dummyimage.com/106x155.jpg/cc0000/ffffff,Wine - Maipo Valle Cabernet
http://dummyimage.com/145x224.png/5fa2dd/ffffff,Nutmeg - Ground
http://dummyimage.com/190x102.jpg/dddddd/000000,Thermometer Digital
http://dummyimage.com/247x182.bmp/ff4444/ffffff,"Crush - Grape, 355 Ml"
http://dummyimage.com/245x132.png/cc0000/ffffff,Sugar - Invert
http://dummyimage.com/147x243.bmp/ff4444/ffffff,Appetizer - Tarragon Chicken
http://dummyimage.com/102x225.jpg/5fa2dd/ffffff,"Beans - Black Bean, Canned"
http://dummyimage.com/205x153.bmp/ff4444/ffffff,Jam - Apricot
http://dummyimage.com/240x154.bmp/dddddd/000000,Energy Drink
http://dummyimage.com/164x112.png/dddddd/000000,"Bread - Rolls, Corn"
http://dummyimage.com/233x179.png/5fa2dd/ffffff,Island Oasis - Cappucino Mix
http://dummyimage.com/246x145.jpg/5fa2dd/ffffff,Pastry - Key Limepoppy Seed Tea
http://dummyimage.com/180x194.png/5fa2dd/ffffff,Blouse / Shirt / Sweater
http://dummyimage.com/194x239.jpg/dddddd/000000,"Wine - White, Pinot Grigio"
http://dummyimage.com/123x202.jpg/dddddd/000000,Foam Espresso Cup Plain White
http://dummyimage.com/140x113.png/dddddd/000000,Island Oasis - Strawberry
http://dummyimage.com/143x133.bmp/cc0000/ffffff,"Split Peas - Yellow, Dry"
http://dummyimage.com/117x212.bmp/5fa2dd/ffffff,Smoked Paprika
http://dummyimage.com/102x195.jpg/cc0000/ffffff,Tomatoes - Grape
http://dummyimage.com/204x143.bmp/dddddd/000000,Jello - Assorted
http://dummyimage.com/215x154.bmp/ff4444/ffffff,Salt - Table
http://dummyimage.com/103x163.png/ff4444/ffffff,"Marsala - Sperone, Fine, D.o.c."
